-- MySQL dump 10.13  Distrib 8.0.36, for Win64 (x86_64) -- -- Host: localhost    Database: simplelotto -- ------------------------------------------------------ -- Server version	8.0.36  /*!40101 SET @OLD_CHARACTER_SET_CLIENT=@@CHARACTER_SET_CLIENT */; /*!40101 SET @OLD_CHARACTER_SET_RESULTS=@@CHARACTER_SET_RESULTS */; /*!40101 SET @OLD_COLLATION_CONNECTION=@@COLLATION_CONNECTION */; /*!50503 SET NAMES utf8mb4 */; /*!40103 SET @OLD_TIME_ZONE=@@TIME_ZONE */; /*!40103 SET TIME_ZONE='+00:00' */; /*!40014 SET @OLD_UNIQUE_CHECKS=@@UNIQUE_CHECKS, UNIQUE_CHECKS=0 */; /*!40014 SET @OLD_FOREIGN_KEY_CHECKS=@@FOREIGN_KEY_CHECKS, FOREIGN_KEY_CHECKS=0 */; /*!40101 SET @OLD_SQL_MODE=@@SQL_MODE, SQL_MODE='NO_AUTO_VALUE_ON_ZERO' */; /*!40111 SET @OLD_SQL_NOTES=@@SQL_NOTES, SQL_NOTES=0 */;  -- -- Table structure for table `admin_users` --  DROP TABLE IF EXISTS `admin_users`; /*!40101 SET @saved_cs_client     = @@character_set_client */; /*!50503 SET character_set_client = utf8mb4 */; CREATE TABLE `admin_users` (   `id` int NOT NULL AUTO_INCREMENT,   `firstname` varchar(100) NOT NULL,   `lastname` varchar(100) NOT NULL,   `email` varchar(255) NOT NULL,   `mobile_no` varchar(20) DEFAULT NULL,   `username` varchar(50) NOT NULL,   `password` varchar(255) NOT NULL,   `created_at` timestamp NULL DEFAULT CURRENT_TIMESTAMP,   `updated_at` timestamp NULL DEFAULT CURRENT_TIMESTAMP ON UPDATE CURRENT_TIMESTAMP,   PRIMARY KEY (`id`),   UNIQUE KEY `email` (`email`),   UNIQUE KEY `username` (`username`) ) ENGINE=InnoDB AUTO_INCREMENT=3 DEFAULT CHARSET=utf8mb4 COLLATE=utf8mb4_0900_ai_ci; /*!40101 SET character_set_client = @saved_cs_client */;  -- -- Dumping data for table `admin_users` --  LOCK TABLES `admin_users` WRITE; /*!40000 ALTER TABLE `admin_users` DISABLE KEYS */; INSERT INTO `admin_users` VALUES (1,'Admin','User','admin@simplelottto.com','1234567890','admin','$2a$10$QNCJRn9U8.WSdD3V6I6hj.hiSdXMSGbZk2PWO9y8iYUEKF3kB/LZu','2025-05-16 16:36:01','2025-05-16 16:59:43'),(2,'admin','admin','admin@example.com',NULL,'admintest','$2y$10$DmFxgABqSsl26mQjbSum7.3Cbj2XiwSmQ44qaUBJGJ3OdMJRFQ67.','2025-05-16 17:09:03','2025-05-16 17:09:03'); /*!40000 ALTER TABLE `admin_users` ENABLE KEYS */; UNLOCK TABLES;  -- -- Table structure for table `admins` --  DROP TABLE IF EXISTS `admins`; /*!40101 SET @saved_cs_client     = @@character_set_client */; /*!50503 SET character_set_client = utf8mb4 */; CREATE TABLE `admins` (   `id` int NOT NULL AUTO_INCREMENT,   `username` varchar(50) NOT NULL,   `password` varchar(255) NOT NULL,   `email` varchar(255) NOT NULL,   `role` enum('super_admin','admin') NOT NULL,   `created_at` timestamp NULL DEFAULT CURRENT_TIMESTAMP,   PRIMARY KEY (`id`),   UNIQUE KEY `username` (`username`) ) ENGINE=InnoDB AUTO_INCREMENT=2 DEFAULT CHARSET=utf8mb4 COLLATE=utf8mb4_0900_ai_ci; /*!40101 SET character_set_client = @saved_cs_client */;  -- -- Dumping data for table `admins` --  LOCK TABLES `admins` WRITE; /*!40000 ALTER TABLE `admins` DISABLE KEYS */; INSERT INTO `admins` VALUES (1,'admintest','$2y$10$DmFxgABqSsl26mQjbSum7.3Cbj2XiwSmQ44qaUBJGJ3OdMJRFQ67.','admin@example.com','admin','2025-05-16 17:05:10'); /*!40000 ALTER TABLE `admins` ENABLE KEYS */; UNLOCK TABLES;  -- -- Table structure for table `game_categories` --  DROP TABLE IF EXISTS `game_categories`; /*!40101 SET @saved_cs_client     = @@character_set_client */; /*!50503 SET character_set_client = utf8mb4 */; CREATE TABLE `game_categories` (   `id` int NOT NULL AUTO_INCREMENT,   `name` varchar(100) NOT NULL,   `description` text,   `created_at` timestamp NULL DEFAULT CURRENT_TIMESTAMP,   PRIMARY KEY (`id`) ) ENGINE=InnoDB DEFAULT CHARSET=utf8mb4 COLLATE=utf8mb4_0900_ai_ci; /*!40101 SET character_set_client = @saved_cs_client */;  -- -- Dumping data for table `game_categories` --  LOCK TABLES `game_categories` WRITE; /*!40000 ALTER TABLE `game_categories` DISABLE KEYS */; /*!40000 ALTER TABLE `game_categories` ENABLE KEYS */; UNLOCK TABLES;  -- -- Table structure for table `gamecategories` --  DROP TABLE IF EXISTS `gamecategories`; /*!40101 SET @saved_cs_client     = @@character_set_client */; /*!50503 SET character_set_client = utf8mb4 */; CREATE TABLE `gamecategories` (   `id` int NOT NULL AUTO_INCREMENT,   `name` varchar(255) NOT NULL,   `description` text,   `createdAt` datetime NOT NULL,   `updatedAt` datetime NOT NULL,   PRIMARY KEY (`id`) ) ENGINE=InnoDB AUTO_INCREMENT=4 DEFAULT CHARSET=utf8mb4 COLLATE=utf8mb4_0900_ai_ci; /*!40101 SET character_set_client = @saved_cs_client */;  -- -- Dumping data for table `gamecategories` --  LOCK TABLES `gamecategories` WRITE; /*!40000 ALTER TABLE `gamecategories` DISABLE KEYS */; INSERT INTO `gamecategories` VALUES (1,'Daily Draw','Daily lottery draw','2025-05-15 02:10:23','2025-05-15 02:10:23'),(2,'Weekly Draw','Weekly lottery draw','2025-05-15 02:10:23','2025-05-15 02:10:23'),(3,'Monthly Draw','Monthly lottery draw','2025-05-15 02:10:23','2025-05-15 02:10:23'); /*!40000 ALTER TABLE `gamecategories` ENABLE KEYS */; UNLOCK TABLES;  -- -- Table structure for table `games` --  DROP TABLE IF EXISTS `games`; /*!40101 SET @saved_cs_client     = @@character_set_client */; /*!50503 SET character_set_client = utf8mb4 */; CREATE TABLE `games` (   `id` int NOT NULL AUTO_INCREMENT,   `mobile_no` varchar(255) NOT NULL,   `game_id` varchar(255) NOT NULL,   `user_id` int NOT NULL,   `ticket_id` varchar(255) NOT NULL,   `time_stamp` datetime NOT NULL,   `stake_amt` decimal(10,2) NOT NULL,   `draw_time` time NOT NULL,   `draw_date` datetime NOT NULL,   `potential_winning` decimal(10,2) NOT NULL,   `ticket_status` enum('pending','won','lost') NOT NULL DEFAULT 'pending',   `jackpot` varchar(255) DEFAULT NULL,   `createdAt` datetime NOT NULL,   `updatedAt` datetime NOT NULL,   PRIMARY KEY (`id`),   KEY `user_id` (`user_id`),   CONSTRAINT `games_ibfk_1` FOREIGN KEY (`user_id`) REFERENCES `users` (`id`) ON UPDATE CASCADE ) ENGINE=InnoDB DEFAULT CHARSET=utf8mb4 COLLATE=utf8mb4_0900_ai_ci; /*!40101 SET character_set_client = @saved_cs_client */;  -- -- Dumping data for table `games` --  LOCK TABLES `games` WRITE; /*!40000 ALTER TABLE `games` DISABLE KEYS */; /*!40000 ALTER TABLE `games` ENABLE KEYS */; UNLOCK TABLES;  -- -- Table structure for table `tickets` --  DROP TABLE IF EXISTS `tickets`; /*!40101 SET @saved_cs_client     = @@character_set_client */; /*!50503 SET character_set_client = utf8mb4 */; CREATE TABLE `tickets` (   `id` int NOT NULL AUTO_INCREMENT,   `ticket_id` varchar(15) NOT NULL,   `user_id` int NOT NULL,   `game_id` varchar(50) NOT NULL,   `mobile_no` varchar(15) NOT NULL,   `stake_amt` decimal(10,2) NOT NULL,   `potential_winning` decimal(10,2) NOT NULL,   `time_stamp` bigint NOT NULL,   `draw_time` varchar(10) NOT NULL,   `draw_date` varchar(20) NOT NULL,   `ticket_status` varchar(20) DEFAULT 'pending',   `created_at` timestamp NULL DEFAULT CURRENT_TIMESTAMP,   `updated_at` timestamp NULL DEFAULT CURRENT_TIMESTAMP ON UPDATE CURRENT_TIMESTAMP,   PRIMARY KEY (`id`),   UNIQUE KEY `ticket_id` (`ticket_id`),   KEY `user_id` (`user_id`),   CONSTRAINT `tickets_ibfk_1` FOREIGN KEY (`user_id`) REFERENCES `users` (`id`) ON DELETE CASCADE ) ENGINE=InnoDB AUTO_INCREMENT=33 DEFAULT CHARSET=utf8mb4 COLLATE=utf8mb4_0900_ai_ci; /*!40101 SET character_set_client = @saved_cs_client */;  -- -- Dumping data for table `tickets` --  LOCK TABLES `tickets` WRITE; /*!40000 ALTER TABLE `tickets` DISABLE KEYS */; INSERT INTO `tickets` VALUES (1,'SLZFLA859FF',4,'Simple-0','08065560643',25.00,2500.00,1747402716523,'11:45 PM','23-5-2025','pending','2025-05-16 13:38:36','2025-05-16 13:38:36'),(2,'SLNZCF5NAD8',4,'Simple-0','08065560643',25.00,2500.00,1747402850880,'11:45 PM','23-5-2025','pending','2025-05-16 13:40:50','2025-05-16 13:40:50'),(3,'SLBFU39UUL5',4,'Simple-0','08065560643',25.00,2500.00,1747403095256,'11:45 PM','23-5-2025','pending','2025-05-16 13:44:55','2025-05-16 13:44:55'),(4,'SL4WK9L223W',4,'Simple-0','08065560643',25.00,2500.00,1747403114124,'11:45 PM','23-5-2025','pending','2025-05-16 13:45:14','2025-05-16 13:45:14'),(5,'SL7SJRWIZCJ',5,'Simple-0','1111111111',25.00,2500.00,1747404631738,'11:45 PM','23-5-2025','pending','2025-05-16 14:10:31','2025-05-16 14:10:31'),(6,'SL2OZ5ZYE9M',5,'Simple-0','1111111111',25.00,2500.00,1747405101173,'11:45 PM','23-5-2025','pending','2025-05-16 14:18:21','2025-05-16 14:18:21'),(7,'SL4WHQT0VDI',5,'Simple-0','1111111111',25.00,2500.00,1747405293398,'11:45 PM','23-5-2025','pending','2025-05-16 14:21:33','2025-05-16 14:21:33'),(8,'SLGTDWYYKUA',5,'Simple-0','1111111111',50.00,5000.00,1747405582499,'11:45 PM','23-5-2025','pending','2025-05-16 14:26:22','2025-05-16 14:26:22'),(9,'SLE1ZIGNGUH',5,'Simple-0','1111111111',25.00,2500.00,1747405894371,'11:45 PM','23-5-2025','pending','2025-05-16 14:31:34','2025-05-16 14:31:34'),(10,'SLI2TYJG6BS',5,'Simple-0','1111111111',25.00,2500.00,1747406208376,'11:45 PM','23-5-2025','pending','2025-05-16 14:36:48','2025-05-16 14:36:48'),(11,'SLGI9G2T843',5,'Simple-0','1111111111',100.00,10000.00,1747406264175,'11:45 PM','23-5-2025','pending','2025-05-16 14:37:44','2025-05-16 14:37:44'),(12,'SLFUCR5JDPP',4,'Simple-0','08065560643',100.00,10000.00,1747406652907,'11:45 PM','23-5-2025','pending','2025-05-16 14:44:12','2025-05-16 14:44:12'),(13,'SLKKV4X4HXF',4,'Simple-0','08065560643',25.00,2500.00,1747406690141,'11:45 PM','23-5-2025','pending','2025-05-16 14:44:50','2025-05-16 14:44:50'),(14,'SL7Y7AOWNSM',4,'Simple-0','08065560643',50.00,5000.00,1747406712566,'11:45 PM','23-5-2025','pending','2025-05-16 14:45:12','2025-05-16 14:45:12'),(15,'SL7U0G3Q1KU',5,'Simple-0','1111111111',50.00,5000.00,1747406862338,'11:45 PM','23-5-2025','pending','2025-05-16 14:47:42','2025-05-16 14:47:42'),(16,'SLOXI1UXB78',5,'Simple-0','1111111111',25.00,2500.00,1747411679743,'11:45 PM','23-5-2025','pending','2025-05-16 16:07:59','2025-05-16 16:07:59'),(17,'SLBZOQZ3P6Q',5,'Simple-0','1111111111',25.00,2500.00,1747446008209,'11:45 PM','23-5-2025','pending','2025-05-17 01:40:08','2025-05-17 01:40:08'),(18,'SLH71ZPWKNC',5,'Simple-0','1111111111',100.00,10000.00,1747446016257,'11:45 PM','23-5-2025','pending','2025-05-17 01:40:16','2025-05-17 01:40:16'),(19,'SL4YCG93VUW',4,'Simple-0','08065560643',50.00,5000.00,1747446240605,'11:45 PM','23-5-2025','pending','2025-05-17 01:44:00','2025-05-17 01:44:00'),(20,'SLDP4J22K3D',4,'Simple-0','08065560643',25.00,2500.00,1747446586132,'11:45 PM','23-5-2025','pending','2025-05-17 01:49:46','2025-05-17 01:49:46'),(21,'SL6N1C38DPT',4,'Simple-0','08065560643',25.00,2500.00,1747446740597,'11:45 PM','23-5-2025','pending','2025-05-17 01:52:20','2025-05-17 01:52:20'),(22,'SL7SP3UKVJQ',4,'Simple-0','08065560643',50.00,5000.00,1747447173306,'11:45 PM','23-5-2025','pending','2025-05-17 01:59:33','2025-05-17 01:59:33'),(23,'SLX6EHTGRYY',4,'Simple-0','08065560643',50.00,5000.00,1747447181833,'11:45 PM','23-5-2025','pending','2025-05-17 01:59:41','2025-05-17 01:59:41'),(24,'SLCHMPA4CZY',4,'Simple-0','08065560643',25.00,2500.00,1747447207105,'11:45 PM','23-5-2025','pending','2025-05-17 02:00:07','2025-05-17 02:00:07'),(25,'SLVVDON62QO',4,'Simple-0','08065560643',25.00,2500.00,1747447618089,'11:45 PM','23-5-2025','pending','2025-05-17 02:06:58','2025-05-17 02:06:58'),(26,'SLXCNTFFTED',4,'Simple-0','08065560643',25.00,2500.00,1747452018860,'11:45 PM','23-5-2025','pending','2025-05-17 03:20:18','2025-05-17 03:20:18'),(27,'SLW1CHNQCPS',4,'Simple-0','08065560643',25.00,2500.00,1747452027461,'11:45 PM','23-5-2025','pending','2025-05-17 03:20:27','2025-05-17 03:20:27'),(28,'SLYIXZDME4C',5,'Simple-0','1111111111',25.00,2500.00,1747455988120,'11:45 PM','24-5-2025','pending','2025-05-17 04:26:28','2025-05-17 04:26:28'),(29,'SLUX4BWOSWX',5,'Simple-0','1111111111',25.00,2500.00,1747456064212,'11:45 PM','24-5-2025','pending','2025-05-17 04:27:44','2025-05-17 04:27:44'),(30,'SLS68WW1BUV',5,'Simple-0','1111111111',25.00,2500.00,1747516428258,'11:45 PM','24-5-2025','pending','2025-05-17 21:13:48','2025-05-17 21:13:48'),(31,'SLYE4J44OY1',5,'Simple-0','1111111111',100.00,10000.00,1747516451373,'11:45 PM','24-5-2025','pending','2025-05-17 21:14:11','2025-05-17 21:14:11'),(32,'SLWU0G12UPE',5,'Simple-0','1111111111',50.00,5000.00,1747516465749,'11:45 PM','24-5-2025','pending','2025-05-17 21:14:25','2025-05-17 21:14:25'); /*!40000 ALTER TABLE `tickets` ENABLE KEYS */; UNLOCK TABLES;  -- -- Table structure for table `transactions` --  DROP TABLE IF EXISTS `transactions`; /*!40101 SET @saved_cs_client     = @@character_set_client */; /*!50503 SET character_set_client = utf8mb4 */; CREATE TABLE `transactions` (   `id` int NOT NULL AUTO_INCREMENT,   `user_id` int NOT NULL,   `amount` decimal(10,2) NOT NULL DEFAULT '0.00',   `amount_involved` decimal(10,2) DEFAULT NULL,   `acct_balance` decimal(10,2) DEFAULT NULL,   `time_stamp` bigint DEFAULT NULL,   `trans_date` varchar(20) DEFAULT NULL,   `transaction_type` enum('deposit','withdrawal','winning','ticket_purchase') NOT NULL,   `status` enum('pending','completed','failed') NOT NULL DEFAULT 'pending',   `reference` varchar(255) DEFAULT NULL,   `createdAt` datetime NOT NULL DEFAULT CURRENT_TIMESTAMP,   `updatedAt` datetime NOT NULL DEFAULT CURRENT_TIMESTAMP ON UPDATE CURRENT_TIMESTAMP,   PRIMARY KEY (`id`),   KEY `idx_transactions_user_id` (`user_id`),   KEY `idx_transactions_type` (`transaction_type`),   CONSTRAINT `transactions_ibfk_1` FOREIGN KEY (`user_id`) REFERENCES `users` (`id`) ON UPDATE CASCADE ) ENGINE=InnoDB AUTO_INCREMENT=23 DEFAULT CHARSET=utf8mb4 COLLATE=utf8mb4_0900_ai_ci; /*!40101 SET character_set_client = @saved_cs_client */;  -- -- Dumping data for table `transactions` --  LOCK TABLES `transactions` WRITE; /*!40000 ALTER TABLE `transactions` DISABLE KEYS */; INSERT INTO `transactions` VALUES (1,1,0.00,100.00,1000.00,1747406139434,'1-1-2023','ticket_purchase','pending',NULL,'2025-05-16 10:35:39','2025-05-16 10:35:39'),(2,1,0.00,100.00,1000.00,1747406159100,'1-1-2023','ticket_purchase','pending',NULL,'2025-05-16 10:35:59','2025-05-16 10:35:59'),(3,5,0.00,25.00,825.00,1747406208376,'16-5-2025','ticket_purchase','pending',NULL,'2025-05-16 10:36:48','2025-05-16 10:36:48'),(4,5,0.00,100.00,725.00,1747406264175,'16-5-2025','ticket_purchase','pending',NULL,'2025-05-16 10:37:44','2025-05-16 10:37:44'),(5,4,0.00,100.00,875.00,1747406652908,'16-5-2025','ticket_purchase','pending',NULL,'2025-05-16 10:44:12','2025-05-16 10:44:12'),(6,4,0.00,25.00,850.00,1747406690141,'16-5-2025','ticket_purchase','pending',NULL,'2025-05-16 10:44:50','2025-05-16 10:44:50'),(7,4,0.00,50.00,800.00,1747406712566,'16-5-2025','ticket_purchase','pending',NULL,'2025-05-16 10:45:12','2025-05-16 10:45:12'),(8,5,0.00,50.00,675.00,1747406862339,'16-5-2025','ticket_purchase','pending',NULL,'2025-05-16 10:47:42','2025-05-16 10:47:42'),(9,5,0.00,25.00,650.00,1747411679744,'16-5-2025','ticket_purchase','pending',NULL,'2025-05-16 12:07:59','2025-05-16 12:07:59'),(10,1,0.00,100.00,1000.00,1747444295966,'1-1-2023','ticket_purchase','pending',NULL,'2025-05-16 21:11:35','2025-05-16 21:11:35'),(11,1,0.00,50.00,1050.00,1747445784992,NULL,'deposit','pending',NULL,'2025-05-16 21:36:24','2025-05-16 21:36:24'),(12,5,0.00,25.00,625.00,1747446008209,'16-5-2025','ticket_purchase','pending',NULL,'2025-05-16 21:40:08','2025-05-16 21:40:08'),(13,5,0.00,100.00,525.00,1747446016257,'16-5-2025','ticket_purchase','pending',NULL,'2025-05-16 21:40:16','2025-05-16 21:40:16'),(14,4,0.00,50.00,750.00,1747446240605,'16-5-2025','ticket_purchase','pending',NULL,'2025-05-16 21:44:00','2025-05-16 21:44:00'),(15,4,0.00,25.00,725.00,1747446586132,'16-5-2025','ticket_purchase','pending',NULL,'2025-05-16 21:49:46','2025-05-16 21:49:46'),(16,4,0.00,25.00,700.00,1747446740597,'16-5-2025','ticket_purchase','pending',NULL,'2025-05-16 21:52:20','2025-05-16 21:52:20'),(17,4,0.00,25.00,550.00,1747447618089,'16-5-2025','ticket_purchase','pending',NULL,'2025-05-16 22:06:58','2025-05-16 22:06:58'),(18,5,0.00,25.00,500.00,1747455988121,'17-5-2025','ticket_purchase','pending',NULL,'2025-05-17 00:26:28','2025-05-17 00:26:28'),(19,5,0.00,25.00,475.00,1747456064212,'17-5-2025','ticket_purchase','pending',NULL,'2025-05-17 00:27:44','2025-05-17 00:27:44'),(20,5,0.00,25.00,450.00,1747516428258,'17-5-2025','ticket_purchase','pending',NULL,'2025-05-17 17:13:48','2025-05-17 17:13:48'),(21,5,0.00,100.00,350.00,1747516451373,'17-5-2025','ticket_purchase','pending',NULL,'2025-05-17 17:14:11','2025-05-17 17:14:11'),(22,5,0.00,50.00,300.00,1747516465749,'17-5-2025','ticket_purchase','pending',NULL,'2025-05-17 17:14:25','2025-05-17 17:14:25'); /*!40000 ALTER TABLE `transactions` ENABLE KEYS */; UNLOCK TABLES;  -- -- Table structure for table `transfer_recipients` --  DROP TABLE IF EXISTS `transfer_recipients`; /*!40101 SET @saved_cs_client     = @@character_set_client */; /*!50503 SET character_set_client = utf8mb4 */; CREATE TABLE `transfer_recipients` (   `id` int NOT NULL AUTO_INCREMENT,   `user_id` int NOT NULL,   `recipient_code` varchar(100) NOT NULL,   `bank_code` varchar(10) NOT NULL,   `account_number` varchar(20) NOT NULL,   `account_name` varchar(100) NOT NULL,   `created_at` timestamp NULL DEFAULT CURRENT_TIMESTAMP,   PRIMARY KEY (`id`),   KEY `user_id` (`user_id`),   CONSTRAINT `transfer_recipients_ibfk_1` FOREIGN KEY (`user_id`) REFERENCES `users` (`id`) ) ENGINE=InnoDB DEFAULT CHARSET=utf8mb4 COLLATE=utf8mb4_0900_ai_ci; /*!40101 SET character_set_client = @saved_cs_client */;  -- -- Dumping data for table `transfer_recipients` --  LOCK TABLES `transfer_recipients` WRITE; /*!40000 ALTER TABLE `transfer_recipients` DISABLE KEYS */; /*!40000 ALTER TABLE `transfer_recipients` ENABLE KEYS */; UNLOCK TABLES;  -- -- Table structure for table `transferrecipients` --  DROP TABLE IF EXISTS `transferrecipients`; /*!40101 SET @saved_cs_client     = @@character_set_client */; /*!50503 SET character_set_client = utf8mb4 */; CREATE TABLE `transferrecipients` (   `id` int NOT NULL AUTO_INCREMENT,   `user_id` int NOT NULL,   `recipient_code` varchar(255) NOT NULL,   `bank_code` varchar(255) NOT NULL,   `account_number` varchar(255) NOT NULL,   `account_name` varchar(255) NOT NULL,   `createdAt` datetime NOT NULL,   `updatedAt` datetime NOT NULL,   PRIMARY KEY (`id`),   KEY `user_id` (`user_id`),   CONSTRAINT `transferrecipients_ibfk_1` FOREIGN KEY (`user_id`) REFERENCES `users` (`id`) ON UPDATE CASCADE ) ENGINE=InnoDB DEFAULT CHARSET=utf8mb4 COLLATE=utf8mb4_0900_ai_ci; /*!40101 SET character_set_client = @saved_cs_client */;  -- -- Dumping data for table `transferrecipients` --  LOCK TABLES `transferrecipients` WRITE; /*!40000 ALTER TABLE `transferrecipients` DISABLE KEYS */; /*!40000 ALTER TABLE `transferrecipients` ENABLE KEYS */; UNLOCK TABLES;  -- -- Table structure for table `users` --  DROP TABLE IF EXISTS `users`; /*!40101 SET @saved_cs_client     = @@character_set_client */; /*!50503 SET character_set_client = utf8mb4 */; CREATE TABLE `users` (   `id` int NOT NULL AUTO_INCREMENT,   `surname` varchar(255) NOT NULL,   `firstname` varchar(255) NOT NULL,   `state` varchar(255) NOT NULL,   `email` varchar(255) DEFAULT NULL,   `mobile_no` varchar(255) NOT NULL,   `username` varchar(255) NOT NULL,   `password` varchar(255) NOT NULL,   `main_balance` decimal(10,2) NOT NULL DEFAULT '0.00',   `bonus` decimal(10,2) NOT NULL DEFAULT '0.00',   `createdAt` datetime NOT NULL DEFAULT CURRENT_TIMESTAMP,   `updatedAt` datetime NOT NULL DEFAULT CURRENT_TIMESTAMP ON UPDATE CURRENT_TIMESTAMP,   PRIMARY KEY (`id`),   UNIQUE KEY `mobile_no` (`mobile_no`),   UNIQUE KEY `username` (`username`) ) ENGINE=InnoDB AUTO_INCREMENT=7 DEFAULT CHARSET=utf8mb4 COLLATE=utf8mb4_0900_ai_ci; /*!40101 SET character_set_client = @saved_cs_client */;  -- -- Dumping data for table `users` --  LOCK TABLES `users` WRITE; /*!40000 ALTER TABLE `users` DISABLE KEYS */; INSERT INTO `users` VALUES (1,'Admin','User','Lagos','admin@example.com','08012345678','admin','$2b$10$WYEJ/jK3rIgm4HRfH9MLGuBCTIj0zpOf.nOn6pGnS9phO6QusGQvu',0.00,0.00,'2025-05-15 02:10:22','2025-05-15 02:10:22'),(3,'Demo','User','Lagos','demo@example.com','08012375678','demouser','$2a$10$N9qo8uLOickgx2ZMRZoMyeIjZAgcfl7p92ldGxad68LJZdL17lhWy',1000.00,100.00,'2025-05-14 22:28:44','2025-05-14 22:28:44'),(4,'dem','demosd','Anambra','femi4all@gmail.com','08065560643','test1','$2b$10$0Jy5DuUUv81VX77tlQX/bOBjhNWu9wBd/Q3LI8wQ.E5R34L.Bmn82',500.00,0.00,'2025-05-15 00:23:46','2025-05-16 23:20:27'),(5,'rex','damola','Abuja FCT','test@usi.com','1111111111','testadmin','$2b$10$c4Jl7kycI5K4JCXEmtiK1uSCktXzYA25tJ6xj6wr6aLrr.ldr8wOW',300.00,0.00,'2025-05-16 09:58:37','2025-05-17 17:14:25'),(6,'yesh','hsdh','Jigawa','hsdi@hfi.com','222222222','user1','$2b$10$ameQBKUXX6j.Umu.uy9pQud83F1nxvNulFLojWZ2.pGhNx0cLQwga',0.00,0.00,'2025-05-17 17:15:53','2025-05-17 17:15:53'); /*!40000 ALTER TABLE `users` ENABLE KEYS */; UNLOCK TABLES;  -- -- Table structure for table `winning_tickets` --  DROP TABLE IF EXISTS `winning_tickets`; /*!40101 SET @saved_cs_client     = @@character_set_client */; /*!50503 SET character_set_client = utf8mb4 */; CREATE TABLE `winning_tickets` (   `id` int NOT NULL AUTO_INCREMENT,   `game_id` int NOT NULL,   `user_id` int NOT NULL,   `amount_won` decimal(10,2) NOT NULL,   `draw_date` date NOT NULL,   `created_at` timestamp NULL DEFAULT CURRENT_TIMESTAMP,   PRIMARY KEY (`id`),   KEY `game_id` (`game_id`),   KEY `idx_winning_tickets_user_id` (`user_id`),   CONSTRAINT `winning_tickets_ibfk_1` FOREIGN KEY (`game_id`) REFERENCES `games` (`id`),   CONSTRAINT `winning_tickets_ibfk_2` FOREIGN KEY (`user_id`) REFERENCES `users` (`id`) ) ENGINE=InnoDB DEFAULT CHARSET=utf8mb4 COLLATE=utf8mb4_0900_ai_ci; /*!40101 SET character_set_client = @saved_cs_client */;  -- -- Dumping data for table `winning_tickets` --  LOCK TABLES `winning_tickets` WRITE; /*!40000 ALTER TABLE `winning_tickets` DISABLE KEYS */; /*!40000 ALTER TABLE `winning_tickets` ENABLE KEYS */; UNLOCK TABLES;  -- -- Table structure for table `winningtickets` --  DROP TABLE IF EXISTS `winningtickets`; /*!40101 SET @saved_cs_client     = @@character_set_client */; /*!50503 SET character_set_client = utf8mb4 */; CREATE TABLE `winningtickets` (   `id` int NOT NULL AUTO_INCREMENT,   `game_id` int NOT NULL,   `user_id` int NOT NULL,   `amount_won` decimal(10,2) NOT NULL,   `draw_date` datetime NOT NULL,   `createdAt` datetime NOT NULL,   `updatedAt` datetime NOT NULL,   PRIMARY KEY (`id`),   KEY `game_id` (`game_id`),   KEY `user_id` (`user_id`),   CONSTRAINT `winningtickets_ibfk_1` FOREIGN KEY (`game_id`) REFERENCES `games` (`id`) ON UPDATE CASCADE,   CONSTRAINT `winningtickets_ibfk_2` FOREIGN KEY (`user_id`) REFERENCES `users` (`id`) ON UPDATE CASCADE ) ENGINE=InnoDB DEFAULT CHARSET=utf8mb4 COLLATE=utf8mb4_0900_ai_ci; /*!40101 SET character_set_client = @saved_cs_client */;  -- -- Dumping data for table `winningtickets` --  LOCK TABLES `winningtickets` WRITE; /*!40000 ALTER TABLE `winningtickets` DISABLE KEYS */; /*!40000 ALTER TABLE `winningtickets` ENABLE KEYS */; UNLOCK TABLES; /*!40103 SET TIME_ZONE=@OLD_TIME_ZONE */;  /*!40101 SET SQL_MODE=@OLD_SQL_MODE */; /*!40014 SET FOREIGN_KEY_CHECKS=@OLD_FOREIGN_KEY_CHECKS */; /*!40014 SET UNIQUE_CHECKS=@OLD_UNIQUE_CHECKS */; /*!40101 SET CHARACTER_SET_CLIENT=@OLD_CHARACTER_SET_CLIENT */; /*!40101 SET CHARACTER_SET_RESULTS=@OLD_CHARACTER_SET_RESULTS */; /*!40101 SET COLLATION_CONNECTION=@OLD_COLLATION_CONNECTION */; /*!40111 SET SQL_NOTES=@OLD_SQL_NOTES */;  -- Dump completed on 2025-05-17 18:33:08